{
   "1": {
      "title": "It&#39;s a fixer-upper of a planet but we could make it work",
      "post_date": "1454889600",
      "author": "Elon Musk",
      "content": "<p>We choose to go to the moon in this decade and do the other things, not because they are easy, but because they are hard, because that goal will serve to organize and measure the best of our energies and skills, because that challenge is one that we are willing to accept, one we are unwilling to postpone, and one which we intend to win.</p><p>There can be no thought of finishing for &lsquo;aiming for the stars.&rsquo; Both figuratively and literally, it is a task to occupy the generations. And no matter how much progress one makes, there is always the thrill of just beginning.</p><p>Spaceflights cannot be stopped. This is not the work of any one man or even a group of men. It is a historical process which mankind is carrying out in accordance with the natural laws of human development.</p><p>Problems look mighty small from 150 miles up.</p>",
      "category": [ "mars", "space travel" ]
   },
   "2": {
      "title": "Failure is not an option",
      "post_date": "1456099200",
      "author": "Gene Kranz",
      "content": "<p>Dinosaurs are extinct today because they lacked opposable thumbs and the brainpower to build a space program.</p><p>As I stand out here in the wonders of the unknown at Hadley, I sort of realize there&#39;s a fundamental truth to our nature, Man must explore &hellip; and this is exploration at its greatest.</p><p>Many say exploration is part of our destiny, but it&#39;s actually our duty to future generations and their quest to ensure the survival of the human species.</p><p>Science has not yet mastered prophecy. We predict too much for the next year and yet far too little for the next 10.</p>",
      "category": [ "mis-quoted", "apollo 13" ]
   },
   "3": {
      "title": "Look again at that dot. That&#39;s here. That&#39;s home. That&#39;s us.",
      "post_date": "1455753600",
      "author": "Carl Sagan",
      "content": "<p>For those who have seen the Earth from space, and for the hundreds and perhaps thousands more who will, the experience most certainly changes your perspective. The things that we share in our world are far more valuable than those which divide us.</p><p>If you could see the earth illuminated when you were in a place as dark as night, it would look to you more splendid than the moon.</p><p>Space, the final frontier. These are the voyages of the Starship Enterprise. Its five-year mission: to explore strange new worlds, to seek out new life and new civilizations, to boldly go where no man has gone before.</p><p>The Earth was small, light blue, and so touchingly alone, our home that must be defended like a holy relic. The Earth was absolutely round. I believe I never knew what the word round meant until I saw Earth from space.</p>",
      "category": [ "pale blue dot", "books", "earth" ]
   },
   "4": {
      "title": "Look up at the stars and not down at your feet",
      "post_date": "1452902400",
      "author": "Stephen Hawking",
      "content": "<p>We want to explore. We’re curious people. Look back over history, people have put their lives at stake to go out and explore &hellip; We believe in what we&#39;re doing. Now it&#39;s time to go.</p><p>If you could see the earth illuminated when you were in a place as dark as night, it would look to you more splendid than the moon.</p><p>If you could see the earth illuminated when you were in a place as dark as night, it would look to you more splendid than the moon.</p><p>Where ignorance lurks, so too do the frontiers of discovery and imagination.</p><p>Many say exploration is part of our destiny, but it&#39;s actually our duty to future generations and their quest to ensure the survival of the human species.</p>",
      "category": [ "deep thoughts", "space travel" ]
   },
   "5": {
      "title": "In the beginning the Universe was created. This has made a lot of people very angry and been widely regarded as a bad move.",
      "post_date": "1454630400",
      "author": "Douglas Adams",
      "content": "<p>I believe every human has a finite number of heartbeats. I don&#39;t intend to waste any of mine</p><p>Where ignorance lurks, so too do the frontiers of discovery and imagination.</p><p>Spaceflights cannot be stopped. This is not the work of any one man or even a group of men. It is a historical process which mankind is carrying out in accordance with the natural laws of human development.</p><p>That&#39;s one small step for [a] man, one giant leap for mankind.</p><p>What was most significant about the lunar voyage was not that man set foot on the Moon but that they set eye on the earth.</p>",
      "category": [ "the number 42" ]
   }
}
